{
    "$connections": {
        "value": {
            "sql": {
                "connectionId": "/subscriptions/19ce215b-e250-49ce-a40f-e3efd1217efc/resourceGroups/adair-rg/providers/Microsoft.Web/connections/sql",
                "connectionName": "sql",
                "id": "/subscriptions/19ce215b-e250-49ce-a40f-e3efd1217efc/providers/Microsoft.Web/locations/eastus/managedApis/sql"
            }
        }
    },
    "definition": {
        "$schema": "https://schema.management.azure.com/providers/Microsoft.Logic/schemas/2016-06-01/workflowdefinition.json#",
        "actions": {
            "Execute_a_SQL_query": {
                "inputs": {
                    "body": {
                        "query": "select case when max(day) is null then 20000101 \n                   else max(day)+1 end  as NextDay\n  from henryHubNaturalGasPrices;\n"
                    },
                    "host": {
                        "connection": {
                            "name": "@parameters('$connections')['sql']['connectionId']"
                        }
                    },
                    "method": "post",
                    "path": "/datasets/default/query/sql"
                },
                "runAfter": {},
                "type": "ApiConnection"
            },
            "For_each": {
                "actions": {
                    "Execute_stored_procedure": {
                        "inputs": {
                            "body": {
                                "jsonObject": "@{body('json-xform')}"
                            },
                            "host": {
                                "connection": {
                                    "name": "@parameters('$connections')['sql']['connectionId']"
                                }
                            },
                            "method": "post",
                            "path": "/datasets/default/procedures/@{encodeURIComponent(encodeURIComponent('[dbo].[uspBatchInsertHenryHubNaturalGasPrices]'))}"
                        },
                        "runAfter": {
                            "json-xform": [
                                "Succeeded"
                            ]
                        },
                        "type": "ApiConnection"
                    },
                    "HTTP": {
                        "inputs": {
                            "method": "GET",
                            "uri": "http://api.eia.gov/series/?api_key=7ed285885f6a4f005e7f20eddc0c9663&series_id=NG.RNGWHHD.D&start@{items('For_each')?['NextDay']}"
                        },
                        "runAfter": {},
                        "type": "Http"
                    },
                    "json-xform": {
                        "inputs": {
                            "body": "@body('HTTP')",
                            "function": {
                                "id": "/subscriptions/19ce215b-e250-49ce-a40f-e3efd1217efc/resourceGroups/adair-rg/providers/Microsoft.Web/sites/adair-functions/functions/json-xform"
                            }
                        },
                        "runAfter": {
                            "HTTP": [
                                "Succeeded"
                            ]
                        },
                        "type": "Function"
                    }
                },
                "foreach": "@body('Execute_a_SQL_query')?['resultsets']?['Table1']",
                "runAfter": {
                    "Execute_a_SQL_query": [
                        "Succeeded"
                    ]
                },
                "type": "Foreach"
            }
        },
        "contentVersion": "1.0.0.0",
        "outputs": {},
        "parameters": {
            "$connections": {
                "defaultValue": {},
                "type": "Object"
            }
        },
        "triggers": {
            "Recurrence": {
                "recurrence": {
                    "frequency": "Day",
                    "interval": 1,
                    "schedule": {
                        "hours": [
                            "7"
                        ]
                    },
                    "timeZone": "Eastern Standard Time"
                },
                "type": "Recurrence"
            }
        }
    }
}