{
  "IsEncrypted": false,
  "Values": {
    "FUNCTIONS_EXTENSION_VERSION": "~1",
    "ScmType": "None",
    "WEBSITE_AUTH_ENABLED": "False",
    "AzureWebJobsDashboard": "DefaultEndpointsProtocol=https;AccountName=adairfunctionsb578;AccountKey=Hstq6UIfCPzqKRhr2mqoPhGYJq427MsjL6AcgRHrVpI+1f/y1DCwdBFCHZ5Bi8N8lSAhDDxc162GrIHH2AkInA==",
    "WEBSITE_NODE_DEFAULT_VERSION": "6.5.0",
    "WEBSITE_CONTENTAZUREFILECONNECTIONSTRING": "DefaultEndpointsProtocol=https;AccountName=adairfunctionsb578;AccountKey=Hstq6UIfCPzqKRhr2mqoPhGYJq427MsjL6AcgRHrVpI+1f/y1DCwdBFCHZ5Bi8N8lSAhDDxc162GrIHH2AkInA==",
    "WEBSITE_CONTENTSHARE": "adair-functionsb578",
    "WEBSITE_SITE_NAME": "adair-functions",
    "WEBSITE_SLOT_NAME": "Production",
    "AzureWebJobsStorage": "DefaultEndpointsProtocol=https;AccountName=adairfunctionsb578;AccountKey=Hstq6UIfCPzqKRhr2mqoPhGYJq427MsjL6AcgRHrVpI+1f/y1DCwdBFCHZ5Bi8N8lSAhDDxc162GrIHH2AkInA=="
  }
}